Geração,Indivíduo,Fitness,Cor,Alvo,Comparação,Fitness Médio,Fitness Objetivo
0,GCCGAGTGGAT,3/11,"rgb(250,154,88)",ATCGTAGGCTA,XXOOXXXOXXX,2.80,11
0,GCATTAAGCTA,6/11,"rgb(237,247,167)",ATCGTAGGCTA,XXXXOOXOOOO,2.80,11
0,GACCTACTACC,3/11,"rgb(250,154,88)",ATCGTAGGCTA,XXOXOOXXXXX,2.80,11
0,ACCGGTCCTGA,4/11,"rgb(253,206,124)",ATCGTAGGCTA,OXOOXXXXXXO,2.80,11
0,GTCCTCAAGAT,3/11,"rgb(250,154,88)",ATCGTAGGCTA,XOOXOXXXXXX,2.80,11
0,CTCCGAAGTCT,4/11,"rgb(253,206,124)",ATCGTAGGCTA,XOOXXOXOXXX,2.80,11
0,AGATAAGACGC,4/11,"rgb(253,206,124)",ATCGTAGGCTA,OXXXXOOXOXX,2.80,11
0,TTCTCCACACA,3/11,"rgb(250,154,88)",ATCGTAGGCTA,XOOXXXXXXXO,2.80,11
0,CGCCGCTAATA,3/11,"rgb(250,154,88)",ATCGTAGGCTA,XXOXXXXXXOO,2.80,11
0,TCACGGCTCGT,1/11,"rgb(210,43,38)",ATCGTAGGCTA,XXXXXXXXOXX,2.80,11
0,ACATAATCGAA,3/11,"rgb(250,154,88)",ATCGTAGGCTA,OXXXXOXXXXO,2.80,11
0,GATCCGTAACG,0/11,"rgb(165,0,38)",ATCGTAGGCTA,XXXXXXXXXXX,2.80,11
0,TCTGTGTTGCG,2/11,"rgb(238,97,61)",ATCGTAGGCTA,XXXOOXXXXXX,2.80,11
0,ACGTGGAACTC,3/11,"rgb(250,154,88)",ATCGTAGGCTA,OXXXXXXXOOX,2.80,11
0,CCTTAAGCCGT,3/11,"rgb(250,154,88)",ATCGTAGGCTA,XXXXXOOXOXX,2.80,11
0,TTCGGTACAAT,3/11,"rgb(250,154,88)",ATCGTAGGCTA,XOOOXXXXXXX,2.80,11
0,TAACAAGCGAC,2/11,"rgb(238,97,61)",ATCGTAGGCTA,XXXXXOOXXXX,2.80,11
0,GTGCATGCAGA,3/11,"rgb(250,154,88)",ATCGTAGGCTA,XOXXXXOXXXO,2.80,11
0,CTGGAGGTAGT,3/11,"rgb(250,154,88)",ATCGTAGGCTA,XOXOXXOXXXX,2.80,11
0,TCTGGCGGCTG,5/11,"rgb(254,241,167)",ATCGTAGGCTA,XXXOXXOOOOX,2.80,11
0,ACTTGTGTCTG,4/11,"rgb(253,206,124)",ATCGTAGGCTA,OXXXXXOXOOX,2.80,11
0,CATGAAGGATT,5/11,"rgb(254,241,167)",ATCGTAGGCTA,XXXOXOOOXOX,2.80,11
0,AACATCATTCC,3/11,"rgb(250,154,88)",ATCGTAGGCTA,OXOXOXXXXXX,2.80,11
0,CCAGGTCTGCT,1/11,"rgb(210,43,38)",ATCGTAGGCTA,XXXOXXXXXXX,2.80,11
0,TTGTGGATGAG,1/11,"rgb(210,43,38)",ATCGTAGGCTA,XOXXXXXXXXX,2.80,11
0,GAGCGCTTGGC,0/11,"rgb(165,0,38)",ATCGTAGGCTA,XXXXXXXXXXX,2.80,11
0,TATTCGAGCAT,2/11,"rgb(238,97,61)",ATCGTAGGCTA,XXXXXXXOOXX,2.80,11
0,GGTAGGCAACG,0/11,"rgb(165,0,38)",ATCGTAGGCTA,XXXXXXXXXXX,2.80,11
0,CGCTTACTCTG,5/11,"rgb(254,241,167)",ATCGTAGGCTA,XXOXOOXXOOX,2.80,11
0,CTTAGGTGTCC,2/11,"rgb(238,97,61)",ATCGTAGGCTA,XOXXXXXOXXX,2.80,11
1,AACTCGGCCGT,4/11,"rgb(253,206,124)",ATCGTAGGCTA,OXOXXXOXOXX,3.53,11
1,ACTGAAGGATT,6/11,"rgb(237,247,167)",ATCGTAGGCTA,OXXOXOOOXOX,3.53,11
1,CTTGAAGCACA,5/11,"rgb(254,241,167)",ATCGTAGGCTA,XOXOXOOXXXO,3.53,11
1,TATTCGAGATT,2/11,"rgb(238,97,61)",ATCGTAGGCTA,XXXXXXXOXOX,3.53,11
1,GCACAAGCAGA,3/11,"rgb(250,154,88)",ATCGTAGGCTA,XXXXXOOXXXO,3.53,11
1,ACGTGGAACGT,2/11,"rgb(238,97,61)",ATCGTAGGCTA,OXXXXXXXOXX,3.53,11
1,TATTCGAGCTG,3/11,"rgb(250,154,88)",ATCGTAGGCTA,XXXXXXXOOOX,3.53,11
1,ACCGGTGACGC,5/11,"rgb(254,241,167)",ATCGTAGGCTA,OXOOXXOXOXX,3.53,11
1,GCCGAGGTCTG,5/11,"rgb(254,241,167)",ATCGTAGGCTA,XXOOXXOXOOX,3.53,11
1,GTCCTCAAGAT,3/11,"rgb(250,154,88)",ATCGTAGGCTA,XOOXOXXXXXX,3.53,11
1,ACCTAATCTAA,4/11,"rgb(253,206,124)",ATCGTAGGCTA,OXOXXOXXXXO,3.53,11
1,CTCCGATGTCC,4/11,"rgb(253,206,124)",ATCGTAGGCTA,XOOXXOXOXXX,3.53,11
1,AGATAAGACTG,5/11,"rgb(254,241,167)",ATCGTAGGCTA,OXXXXOOXOOX,3.53,11
1,GCGTGGAACTC,2/11,"rgb(238,97,61)",ATCGTAGGCTA,XXXXXXXXOOX,3.53,11
1,CGCCGCTGATT,3/11,"rgb(250,154,88)",ATCGTAGGCTA,XXOXXXXOXOX,3.53,11
1,GTCCGTACTGA,3/11,"rgb(250,154,88)",ATCGTAGGCTA,XOOXXXXXXXO,3.53,11
1,GTGCGTATTCC,1/11,"rgb(210,43,38)",ATCGTAGGCTA,XOXXXXXXXXX,3.53,11
1,TCTTGAAGTCT,2/11,"rgb(238,97,61)",ATCGTAGGCTA,XXXXXOXOXXX,3.53,11
1,GCCGGACTACC,3/11,"rgb(250,154,88)",ATCGTAGGCTA,XXOOXOXXXXX,3.53,11
1,CGATAAGACGC,3/11,"rgb(250,154,88)",ATCGTAGGCTA,XXXXXOOXOXX,3.53,11
1,AGATAAGAGAT,3/11,"rgb(250,154,88)",ATCGTAGGCTA,OXXXXOOXXXX,3.53,11
1,AGCCTCAAGAT,3/11,"rgb(250,154,88)",ATCGTAGGCTA,OXOXOXXXXXX,3.53,11
1,AGCTTACTCTG,6/11,"rgb(237,247,167)",ATCGTAGGCTA,OXOXOOXXOOX,3.53,11
1,TTCTTACTCTG,6/11,"rgb(237,247,167)",ATCGTAGGCTA,XOOXOOXXOOX,3.53,11
1,CGCTCCACACA,2/11,"rgb(238,97,61)",ATCGTAGGCTA,XXOXXXXXXXO,3.53,11
1,CGTTGTGTCTG,3/11,"rgb(250,154,88)",ATCGTAGGCTA,XXXXXXOXOOX,3.53,11
1,CGCTTAAGCTA,7/11,"rgb(199,231,127)",ATCGTAGGCTA,XXOXOOXOOOO,3.53,11
1,TCTGGCCGCTT,4/11,"rgb(253,206,124)",ATCGTAGGCTA,XXXOXXXOOOX,3.53,11
1,TCTCGAAGTCG,2/11,"rgb(238,97,61)",ATCGTAGGCTA,XXXXXOXOXXX,3.53,11
1,GCACATGCAGA,2/11,"rgb(238,97,61)",ATCGTAGGCTA,XXXXXXOXXXO,3.53,11
2,ACCGGTGACTA,7/11,"rgb(199,231,127)",ATCGTAGGCTA,OXOOXXOXOOO,4.57,11
2,GCAGGACTAAG,2/11,"rgb(238,97,61)",ATCGTAGGCTA,XXXOXOXXXXX,4.57,11
2,ACCGTACTACC,5/11,"rgb(254,241,167)",ATCGTAGGCTA,OXOOOOXXXXX,4.57,11
2,AGCCAAGCAGA,5/11,"rgb(254,241,167)",ATCGTAGGCTA,OXOXXOOXXXO,4.57,11
2,AGCGAGGTCTG,6/11,"rgb(237,247,167)",ATCGTAGGCTA,OXOOXXOXOOX,4.57,11
2,CGTTGTGTGCG,1/11,"rgb(210,43,38)",ATCGTAGGCTA,XXXXXXOXXXX,4.57,11
2,CGCTTACTCTG,5/11,"rgb(254,241,167)",ATCGTAGGCTA,XXOXOOXXOOX,4.57,11
2,CGTGAAGCACA,4/11,"rgb(253,206,124)",ATCGTAGGCTA,XXXOXOOXXXO,4.57,11
2,AGATAAGGATT,5/11,"rgb(254,241,167)",ATCGTAGGCTA,OXXXXOOOXOX,4.57,11
2,AGCTTACTCTT,6/11,"rgb(237,247,167)",ATCGTAGGCTA,OXOXOOXXOOX,4.57,11
2,AGATTAGACTG,6/11,"rgb(237,247,167)",ATCGTAGGCTA,OXXXOOOXOOX,4.57,11
2,TACTTAGACGC,5/11,"rgb(254,241,167)",ATCGTAGGCTA,XXOXOOOXOXX,4.57,11
2,AGATAAGCCGT,4/11,"rgb(253,206,124)",ATCGTAGGCTA,OXXXXOOXOXX,4.57,11
2,ATCGGTGCCGT,6/11,"rgb(237,247,167)",ATCGTAGGCTA,OOOOXXOXOXX,4.57,11
2,CTTGTCAAGAT,3/11,"rgb(250,154,88)",ATCGTAGGCTA,XOXOOXXXXXX,4.57,11
2,CTCCGATGTTG,5/11,"rgb(254,241,167)",ATCGTAGGCTA,XOOXXOXOXOX,4.57,11
2,AGCTTAAGCTA,8/11,"rgb(147,208,103)",ATCGTAGGCTA,OXOXOOXOOOO,4.57,11
2,TATTCGATCTG,2/11,"rgb(238,97,61)",ATCGTAGGCTA,XXXXXXXXOOX,4.57,11
2,GCCGATGGAGA,5/11,"rgb(254,241,167)",ATCGTAGGCTA,XXOOXXOOXXO,4.57,11
2,CGCCGCTGATG,3/11,"rgb(250,154,88)",ATCGTAGGCTA,XXOXXXXOXOX,4.57,11
2,AGCTTATGTCC,5/11,"rgb(254,241,167)",ATCGTAGGCTA,OXOXOOXOXXX,4.57,11
2,TCCTAATCCTG,4/11,"rgb(253,206,124)",ATCGTAGGCTA,XXOXXOXXOOX,4.57,11
2,AGCTTACGCTT,7/11,"rgb(199,231,127)",ATCGTAGGCTA,OXOXOOXOOOX,4.57,11
2,ACCGGTGGATC,6/11,"rgb(237,247,167)",ATCGTAGGCTA,OXOOXXOOXOX,4.57,11
2,CTCCGATGTCC,4/11,"rgb(253,206,124)",ATCGTAGGCTA,XOOXXOXOXXX,4.57,11
2,TCTTGAGGTCG,3/11,"rgb(250,154,88)",ATCGTAGGCTA,XXXXXOOOXXX,4.57,11
2,GTCCGAGAGAT,4/11,"rgb(253,206,124)",ATCGTAGGCTA,XOOXXOOXXXX,4.57,11
2,CTACGATGACC,3/11,"rgb(250,154,88)",ATCGTAGGCTA,XOXXXOXOXXX,4.57,11
2,ACACAAGCAGA,4/11,"rgb(253,206,124)",ATCGTAGGCTA,OXXXXOOXXXO,4.57,11
2,ACCTAACCTAA,4/11,"rgb(253,206,124)",ATCGTAGGCTA,OXOXXOXXXXO,4.57,11
3,TCCTAAGAGTG,4/11,"rgb(253,206,124)",ATCGTAGGCTA,XXOXXOOXXOX,5.73,11
3,ACCGGTGGATC,6/11,"rgb(237,247,167)",ATCGTAGGCTA,OXOOXXOOXOX,5.73,11
3,ACCGGTAGCTA,7/11,"rgb(199,231,127)",ATCGTAGGCTA,OXOOXXXOOOO,5.73,11
3,CTAATTCGAGA,4/11,"rgb(253,206,124)",ATCGTAGGCTA,XOXXOXXOXXO,5.73,11
3,AGCGAGGACTA,7/11,"rgb(199,231,127)",ATCGTAGGCTA,OXOOXXOXOOO,5.73,11
3,CGCTTAGACTA,7/11,"rgb(199,231,127)",ATCGTAGGCTA,XXOXOOOXOOO,5.73,11
3,ACCGGTGCCGT,5/11,"rgb(254,241,167)",ATCGTAGGCTA,OXOOXXOXOXX,5.73,11
3,ACCGGATGGTG,6/11,"rgb(237,247,167)",ATCGTAGGCTA,OXOOXOXOXOX,5.73,11
3,AGCTAAGCCGT,5/11,"rgb(254,241,167)",ATCGTAGGCTA,OXOXXOOXOXX,5.73,11
3,AGAGGTGCCGT,4/11,"rgb(253,206,124)",ATCGTAGGCTA,OXXOXXOXOXX,5.73,11
3,ACCGTACGATT,7/11,"rgb(199,231,127)",ATCGTAGGCTA,OXOOOOXOXOX,5.73,11
3,AGCTAACATAA,4/11,"rgb(253,206,124)",ATCGTAGGCTA,OXOXXOXXXXO,5.73,11
3,TGCCAAGAAGA,4/11,"rgb(253,206,124)",ATCGTAGGCTA,XXOXXOOXXXO,5.73,11
3,ACCTGTGACTA,6/11,"rgb(237,247,167)",ATCGTAGGCTA,OXOXXXOXOOO,5.73,11
3,ACCGGTCGTCC,4/11,"rgb(253,206,124)",ATCGTAGGCTA,OXOOXXXOXXX,5.73,11
3,AGCTAGGTCTG,5/11,"rgb(254,241,167)",ATCGTAGGCTA,OXOXXXOXOOX,5.73,11
3,TACTGATGTCC,3/11,"rgb(250,154,88)",ATCGTAGGCTA,XXOXXOXOXXX,5.73,11
3,AGATTAGACTG,6/11,"rgb(237,247,167)",ATCGTAGGCTA,OXXXOOOXOOX,5.73,11
3,ACCTTAAGCTA,8/11,"rgb(147,208,103)",ATCGTAGGCTA,OXOXOOXOOOO,5.73,11
3,ACCGTACCTAA,6/11,"rgb(237,247,167)",ATCGTAGGCTA,OXOOOOXXXXO,5.73,11
3,CGCTTACTCTT,5/11,"rgb(254,241,167)",ATCGTAGGCTA,XXOXOOXXOOX,5.73,11
3,AGCTTACGCTG,7/11,"rgb(199,231,127)",ATCGTAGGCTA,OXOXOOXOOOX,5.73,11
3,AGCGAGGTCGG,5/11,"rgb(254,241,167)",ATCGTAGGCTA,OXOOXXOXOXX,5.73,11
3,ACCGGACTCTT,6/11,"rgb(237,247,167)",ATCGTAGGCTA,OXOOXOXXOOX,5.73,11
3,AGCTTACGCTG,7/11,"rgb(199,231,127)",ATCGTAGGCTA,OXOXOOXOOOX,5.73,11
3,ACCTTACGCTT,7/11,"rgb(199,231,127)",ATCGTAGGCTA,OXOXOOXOOOX,5.73,11
3,AGCTTAGCCAT,6/11,"rgb(237,247,167)",ATCGTAGGCTA,OXOXOOOXOXX,5.73,11
3,AGCGTACTCTA,8/11,"rgb(147,208,103)",ATCGTAGGCTA,OXOOOOXXOOO,5.73,11
3,TACTTAGGCTT,7/11,"rgb(199,231,127)",ATCGTAGGCTA,XXOXOOOOOOX,5.73,11
3,ATCCGATGTTG,6/11,"rgb(237,247,167)",ATCGTAGGCTA,OOOXXOXOXOX,5.73,11
4,ACCGGATGGTT,6/11,"rgb(237,247,167)",ATCGTAGGCTA,OXOOXOXOXOX,6.20,11
4,ACCGTACCATT,6/11,"rgb(237,247,167)",ATCGTAGGCTA,OXOOOOXXXOX,6.20,11
4,ACCTTACGCGT,6/11,"rgb(237,247,167)",ATCGTAGGCTA,OXOXOOXOOXX,6.20,11
4,TACTTAGAGTG,5/11,"rgb(254,241,167)",ATCGTAGGCTA,XXOXOOOXXOX,6.20,11
4,ATCGGACTCTT,7/11,"rgb(199,231,127)",ATCGTAGGCTA,OOOOXOXXOOX,6.20,11
4,ACACGTATCTT,3/11,"rgb(250,154,88)",ATCGTAGGCTA,OXXXXXXXOOX,6.20,11
4,ACCTTACGCTG,7/11,"rgb(199,231,127)",ATCGTAGGCTA,OXOXOOXOOOX,6.20,11
4,AACGGTGGCTA,8/11,"rgb(147,208,103)",ATCGTAGGCTA,OXOOXXOOOOO,6.20,11
4,AGCTTACGCTA,8/11,"rgb(147,208,103)",ATCGTAGGCTA,OXOXOOXOOOO,6.20,11
4,AGCTTAGACTG,7/11,"rgb(199,231,127)",ATCGTAGGCTA,OXOXOOOXOOX,6.20,11
4,ACCGTACTCTA,8/11,"rgb(147,208,103)",ATCGTAGGCTA,OXOOOOXXOOO,6.20,11
4,ACCGTAGCCAT,7/11,"rgb(199,231,127)",ATCGTAGGCTA,OXOOOOOXOXX,6.20,11
4,ACCGTACTCTA,8/11,"rgb(147,208,103)",ATCGTAGGCTA,OXOOOOXXOOO,6.20,11
4,AGCAAGGTCGG,4/11,"rgb(253,206,124)",ATCGTAGGCTA,OXOXXXOXOXX,6.20,11
4,ACCGGATTCGG,5/11,"rgb(254,241,167)",ATCGTAGGCTA,OXOOXOXXOXX,6.20,11
4,CGCTTACTCTA,6/11,"rgb(237,247,167)",ATCGTAGGCTA,XXOXOOXXOOO,6.20,11
4,AGCTTACGCTT,7/11,"rgb(199,231,127)",ATCGTAGGCTA,OXOXOOXOOOX,6.20,11
4,AGATTACGCTG,6/11,"rgb(237,247,167)",ATCGTAGGCTA,OXXXOOXOOOX,6.20,11
4,AGCTTACGCTG,7/11,"rgb(199,231,127)",ATCGTAGGCTA,OXOXOOXOOOX,6.20,11
4,AGCTTAGCCAT,6/11,"rgb(237,247,167)",ATCGTAGGCTA,OXOXOOOXOXX,6.20,11
4,TCCTAACGCTT,5/11,"rgb(254,241,167)",ATCGTAGGCTA,XXOXXOXOOOX,6.20,11
4,AGCGTACGCTG,8/11,"rgb(147,208,103)",ATCGTAGGCTA,OXOOOOXOOOX,6.20,11
4,ACCGGAGACTA,8/11,"rgb(147,208,103)",ATCGTAGGCTA,OXOOXOOXOOO,6.20,11
4,AGCGAGACCAT,4/11,"rgb(253,206,124)",ATCGTAGGCTA,OXOOXXXXOXX,6.20,11
4,AGCTTAGAGTG,6/11,"rgb(237,247,167)",ATCGTAGGCTA,OXOXOOOXXOX,6.20,11
4,CTAATTCGATA,5/11,"rgb(254,241,167)",ATCGTAGGCTA,XOXXOXXOXOO,6.20,11
4,AGCGGTAGCTA,7/11,"rgb(199,231,127)",ATCGTAGGCTA,OXOOXXXOOOO,6.20,11
4,ATCCGATGTTG,6/11,"rgb(237,247,167)",ATCGTAGGCTA,OOOXXOXOXOX,6.20,11
4,TACTTATGGTG,5/11,"rgb(254,241,167)",ATCGTAGGCTA,XXOXOOXOXOX,6.20,11
4,ACCTTACCTAA,5/11,"rgb(254,241,167)",ATCGTAGGCTA,OXOXOOXXXXO,6.20,11
5,ACCTTACTGTA,6/11,"rgb(237,247,167)",ATCGTAGGCTA,OXOXOOXXXOO,7.20,11
5,AACTTACGTTG,6/11,"rgb(237,247,167)",ATCGTAGGCTA,OXOXOOXOXOX,7.20,11
5,ACCGGAGACTA,8/11,"rgb(147,208,103)",ATCGTAGGCTA,OXOOXOOXOOO,7.20,11
5,AGCGATAGCTA,7/11,"rgb(199,231,127)",ATCGTAGGCTA,OXOOXXXOOOO,7.20,11
5,AACGGTGGCTA,8/11,"rgb(147,208,103)",ATCGTAGGCTA,OXOOXXOOOOO,7.20,11
5,TCCTAACTCTA,5/11,"rgb(254,241,167)",ATCGTAGGCTA,XXOXXOXXOOO,7.20,11
5,ATCGGACGCTG,8/11,"rgb(147,208,103)",ATCGTAGGCTA,OOOOXOXOOOX,7.20,11
5,AGCGTACGCTT,8/11,"rgb(147,208,103)",ATCGTAGGCTA,OXOOOOXOOOX,7.20,11
5,ACCGTAGCCTA,9/11,"rgb(87,181,95)",ATCGTAGGCTA,OXOOOOOXOOO,7.20,11
5,ACCGTACCATA,7/11,"rgb(199,231,127)",ATCGTAGGCTA,OXOOOOXXXOO,7.20,11
5,AGATTACGCTT,6/11,"rgb(237,247,167)",ATCGTAGGCTA,OXXXOOXOOOX,7.20,11
5,AGCGGAGACTG,7/11,"rgb(199,231,127)",ATCGTAGGCTA,OXOOXOOXOOX,7.20,11
5,ACCTTACGCTG,7/11,"rgb(199,231,127)",ATCGTAGGCTA,OXOXOOXOOOX,7.20,11
5,ATCGGACGCTG,8/11,"rgb(147,208,103)",ATCGTAGGCTA,OOOOXOXOOOX,7.20,11
5,ACCGTACTCTA,8/11,"rgb(147,208,103)",ATCGTAGGCTA,OXOOOOXXOOO,7.20,11
5,ACCTTACGCTT,7/11,"rgb(199,231,127)",ATCGTAGGCTA,OXOXOOXOOOX,7.20,11
5,GCCGGAGACTA,7/11,"rgb(199,231,127)",ATCGTAGGCTA,XXOOXOOXOOO,7.20,11
5,AGCGTACGCTA,9/11,"rgb(87,181,95)",ATCGTAGGCTA,OXOOOOXOOOO,7.20,11
5,TCCTAACGCTG,5/11,"rgb(254,241,167)",ATCGTAGGCTA,XXOXXOXOOOX,7.20,11
5,ACCGTACTATT,6/11,"rgb(237,247,167)",ATCGTAGGCTA,OXOOOOXXXOX,7.20,11
5,AGCTTATGGTT,6/11,"rgb(237,247,167)",ATCGTAGGCTA,OXOXOOXOXOX,7.20,11
5,AGCATAGGCTA,9/11,"rgb(87,181,95)",ATCGTAGGCTA,OXOXOOOOOOO,7.20,11
5,ACCGTACTCTA,8/11,"rgb(147,208,103)",ATCGTAGGCTA,OXOOOOXXOOO,7.20,11
5,AACGGTCGCTA,7/11,"rgb(199,231,127)",ATCGTAGGCTA,OXOOXXXOOOO,7.20,11
5,ACCGTACCATA,7/11,"rgb(199,231,127)",ATCGTAGGCTA,OXOOOOXXXOO,7.20,11
5,ACCTTACGCTA,8/11,"rgb(147,208,103)",ATCGTAGGCTA,OXOXOOXOOOO,7.20,11
5,AACGTAGGCAT,8/11,"rgb(147,208,103)",ATCGTAGGCTA,OXOOOOOOOXX,7.20,11
5,ACCTTACACTA,7/11,"rgb(199,231,127)",ATCGTAGGCTA,OXOXOOXXOOO,7.20,11
5,AACGGTGGCTA,8/11,"rgb(147,208,103)",ATCGTAGGCTA,OXOOXXOOOOO,7.20,11
5,ACCTTAGCCAT,6/11,"rgb(237,247,167)",ATCGTAGGCTA,OXOXOOOXOXX,7.20,11
6,AGCTTACGCTA,8/11,"rgb(147,208,103)",ATCGTAGGCTA,OXOXOOXOOOO,7.83,11
6,ACCGTTCTCTA,7/11,"rgb(199,231,127)",ATCGTAGGCTA,OXOOOXXXOOO,7.83,11
6,AACGCTGGCTA,8/11,"rgb(147,208,103)",ATCGTAGGCTA,OXOOXXOOOOO,7.83,11
6,AGCGTACGCTA,9/11,"rgb(87,181,95)",ATCGTAGGCTA,OXOOOOXOOOO,7.83,11
6,AACGGTCGCTG,6/11,"rgb(237,247,167)",ATCGTAGGCTA,OXOOXXXOOOX,7.83,11
6,ACCGTACTCCA,7/11,"rgb(199,231,127)",ATCGTAGGCTA,OXOOOOXXOXO,7.83,11
6,AGCGTACGCTA,9/11,"rgb(87,181,95)",ATCGTAGGCTA,OXOOOOXOOOO,7.83,11
6,ACCGTAGTCTA,9/11,"rgb(87,181,95)",ATCGTAGGCTA,OXOOOOOXOOO,7.83,11
6,AACGTAGGCAT,8/11,"rgb(147,208,103)",ATCGTAGGCTA,OXOOOOOOOXX,7.83,11
6,ACCGTACTCTA,8/11,"rgb(147,208,103)",ATCGTAGGCTA,OXOOOOXXOOO,7.83,11
6,GCCGTACGCTT,7/11,"rgb(199,231,127)",ATCGTAGGCTA,XXOOOOXOOOX,7.83,11
6,ACCTTACGCTA,8/11,"rgb(147,208,103)",ATCGTAGGCTA,OXOXOOXOOOO,7.83,11
6,AGCGTACGCTG,8/11,"rgb(147,208,103)",ATCGTAGGCTA,OXOOOOXOOOX,7.83,11
6,AGCTTACTGTA,6/11,"rgb(237,247,167)",ATCGTAGGCTA,OXOXOOXXXOO,7.83,11
6,ACCGGAGACTA,8/11,"rgb(147,208,103)",ATCGTAGGCTA,OXOOXOOXOOO,7.83,11
6,AGCATAGGCTA,9/11,"rgb(87,181,95)",ATCGTAGGCTA,OXOXOOOOOOO,7.83,11
6,ACCGGACGCTG,7/11,"rgb(199,231,127)",ATCGTAGGCTA,OXOOXOXOOOX,7.83,11
6,AGCGTAGGCAT,8/11,"rgb(147,208,103)",ATCGTAGGCTA,OXOOOOOOOXX,7.83,11
6,ACCGATAGCTA,7/11,"rgb(199,231,127)",ATCGTAGGCTA,OXOOXXXOOOO,7.83,11
6,AACGGACGCTG,7/11,"rgb(199,231,127)",ATCGTAGGCTA,OXOOXOXOOOX,7.83,11
6,ACCGTAGCTTA,8/11,"rgb(147,208,103)",ATCGTAGGCTA,OXOOOOOXXOO,7.83,11
6,AACTTACGCTA,8/11,"rgb(147,208,103)",ATCGTAGGCTA,OXOXOOXOOOO,7.83,11
6,ACCGTAGCCTA,9/11,"rgb(87,181,95)",ATCGTAGGCTA,OXOOOOOXOOO,7.83,11
6,GTCGGACGCTG,7/11,"rgb(199,231,127)",ATCGTAGGCTA,XOOOXOXOOOX,7.83,11
6,AGCCTACCATA,6/11,"rgb(237,247,167)",ATCGTAGGCTA,OXOXOOXXXOO,7.83,11
6,AACGTAGCCTA,9/11,"rgb(87,181,95)",ATCGTAGGCTA,OXOOOOOXOOO,7.83,11
6,ACCGTACGCTG,8/11,"rgb(147,208,103)",ATCGTAGGCTA,OXOOOOXOOOX,7.83,11
6,AGCGTACGCTA,9/11,"rgb(87,181,95)",ATCGTAGGCTA,OXOOOOXOOOO,7.83,11
6,ACCTTAGCCTA,8/11,"rgb(147,208,103)",ATCGTAGGCTA,OXOXOOOXOOO,7.83,11
6,ACCATAGGCTA,9/11,"rgb(87,181,95)",ATCGTAGGCTA,OXOXOOOOOOO,7.83,11
7,GCCGTACGCCT,6/11,"rgb(237,247,167)",ATCGTAGGCTA,XXOOOOXOOXX,8.13,11
7,AGCGTGCTCTA,7/11,"rgb(199,231,127)",ATCGTAGGCTA,OXOOOXXXOOO,8.13,11
7,AGCGTACGCTT,8/11,"rgb(147,208,103)",ATCGTAGGCTA,OXOOOOXOOOX,8.13,11
7,ACCGTAGCCTA,9/11,"rgb(87,181,95)",ATCGTAGGCTA,OXOOOOOXOOO,8.13,11
7,ACCGTAGCGTA,8/11,"rgb(147,208,103)",ATCGTAGGCTA,OXOOOOOXXOO,8.13,11
7,AGCGTACGCTA,9/11,"rgb(87,181,95)",ATCGTAGGCTA,OXOOOOXOOOO,8.13,11
7,AACTTAGGCAT,7/11,"rgb(199,231,127)",ATCGTAGGCTA,OXOXOOOOOXX,8.13,11
7,AACGTAGCCTA,9/11,"rgb(87,181,95)",ATCGTAGGCTA,OXOOOOOXOOO,8.13,11
7,AGCGTAAGCTA,9/11,"rgb(87,181,95)",ATCGTAGGCTA,OXOOOOXOOOO,8.13,11
7,ACCATAGCCTA,8/11,"rgb(147,208,103)",ATCGTAGGCTA,OXOXOOOXOOO,8.13,11
7,ACCGTAGTCTA,9/11,"rgb(87,181,95)",ATCGTAGGCTA,OXOOOOOXOOO,8.13,11
7,AGCGTACGCTA,9/11,"rgb(87,181,95)",ATCGTAGGCTA,OXOOOOXOOOO,8.13,11
7,ACCTTACGCTA,8/11,"rgb(147,208,103)",ATCGTAGGCTA,OXOXOOXOOOO,8.13,11
7,ACCATAGGCTA,9/11,"rgb(87,181,95)",ATCGTAGGCTA,OXOXOOOOOOO,8.13,11
7,AACGCTGGCTA,8/11,"rgb(147,208,103)",ATCGTAGGCTA,OXOOXXOOOOO,8.13,11
7,ACCTTGGCCTA,7/11,"rgb(199,231,127)",ATCGTAGGCTA,OXOXOXOXOOO,8.13,11
7,ACCGGACGCTG,7/11,"rgb(199,231,127)",ATCGTAGGCTA,OXOOXOXOOOX,8.13,11
7,AACGTAGCTTA,8/11,"rgb(147,208,103)",ATCGTAGGCTA,OXOOOOOXXOO,8.13,11
7,ACCGTAGTCTA,9/11,"rgb(87,181,95)",ATCGTAGGCTA,OXOOOOOXOOO,8.13,11
7,GCCGTACGCTA,8/11,"rgb(147,208,103)",ATCGTAGGCTA,XXOOOOXOOOO,8.13,11
7,ACCATAGGCTA,9/11,"rgb(87,181,95)",ATCGTAGGCTA,OXOXOOOOOOO,8.13,11
7,ACCGTAGTCCA,8/11,"rgb(147,208,103)",ATCGTAGGCTA,OXOOOOOXOXO,8.13,11
7,GCCGTACGCTA,8/11,"rgb(147,208,103)",ATCGTAGGCTA,XXOOOOXOOOO,8.13,11
7,ACCGTACGCTA,9/11,"rgb(87,181,95)",ATCGTAGGCTA,OXOOOOXOOOO,8.13,11
7,AGCTTACGCTA,8/11,"rgb(147,208,103)",ATCGTAGGCTA,OXOXOOXOOOO,8.13,11
7,ACCGTAGCCTA,9/11,"rgb(87,181,95)",ATCGTAGGCTA,OXOOOOOXOOO,8.13,11
7,AGCTTACGCTT,7/11,"rgb(199,231,127)",ATCGTAGGCTA,OXOXOOXOOOX,8.13,11
7,ACCGTACTCTA,8/11,"rgb(147,208,103)",ATCGTAGGCTA,OXOOOOXXOOO,8.13,11
7,AGCGTACGCTG,8/11,"rgb(147,208,103)",ATCGTAGGCTA,OXOOOOXOOOX,8.13,11
7,AGCGGAGACTA,8/11,"rgb(147,208,103)",ATCGTAGGCTA,OXOOXOOXOOO,8.13,11
8,AACGTAGGTTA,9/11,"rgb(87,181,95)",ATCGTAGGCTA,OXOOOOOOXOO,8.27,11
8,AACGTAGCTTA,8/11,"rgb(147,208,103)",ATCGTAGGCTA,OXOOOOOXXOO,8.27,11
8,AGCGTACGCTT,8/11,"rgb(147,208,103)",ATCGTAGGCTA,OXOOOOXOOOX,8.27,11
8,ACCGTAGCCTA,9/11,"rgb(87,181,95)",ATCGTAGGCTA,OXOOOOOXOOO,8.27,11
8,ACCGTGCGCTA,8/11,"rgb(147,208,103)",ATCGTAGGCTA,OXOOOXXOOOO,8.27,11
8,ACCGTAGCCTA,9/11,"rgb(87,181,95)",ATCGTAGGCTA,OXOOOOOXOOO,8.27,11
8,ACCATACGCTA,8/11,"rgb(147,208,103)",ATCGTAGGCTA,OXOXOOXOOOO,8.27,11
8,ACCGTACGCTA,9/11,"rgb(87,181,95)",ATCGTAGGCTA,OXOOOOXOOOO,8.27,11
8,ACTGTAGTCTA,8/11,"rgb(147,208,103)",ATCGTAGGCTA,OXXOOOOXOOO,8.27,11
8,AGCGTACGCTA,9/11,"rgb(87,181,95)",ATCGTAGGCTA,OXOOOOXOOOO,8.27,11
8,GCCGTACCGTA,6/11,"rgb(237,247,167)",ATCGTAGGCTA,XXOOOOXXXOO,8.27,11
8,ACCATAGCCTA,8/11,"rgb(147,208,103)",ATCGTAGGCTA,OXOXOOOXOOO,8.27,11
8,TGCGTACGCTA,8/11,"rgb(147,208,103)",ATCGTAGGCTA,XXOOOOXOOOO,8.27,11
8,ACCGTACTCTA,8/11,"rgb(147,208,103)",ATCGTAGGCTA,OXOOOOXXOOO,8.27,11
8,AGCGTACGCTA,9/11,"rgb(87,181,95)",ATCGTAGGCTA,OXOOOOXOOOO,8.27,11
8,ACCATAAGCTA,8/11,"rgb(147,208,103)",ATCGTAGGCTA,OXOXOOXOOOO,8.27,11
8,AGCTTACGCTA,8/11,"rgb(147,208,103)",ATCGTAGGCTA,OXOXOOXOOOO,8.27,11
8,ACCGTAGCCTA,9/11,"rgb(87,181,95)",ATCGTAGGCTA,OXOOOOOXOOO,8.27,11
8,AGCTTACGCTA,8/11,"rgb(147,208,103)",ATCGTAGGCTA,OXOXOOXOOOO,8.27,11
8,CGCGTACGCTG,7/11,"rgb(199,231,127)",ATCGTAGGCTA,XXOOOOXOOOX,8.27,11
8,GCCGTACGCTA,8/11,"rgb(147,208,103)",ATCGTAGGCTA,XXOOOOXOOOO,8.27,11
8,AACGTAGCCTA,9/11,"rgb(87,181,95)",ATCGTAGGCTA,OXOOOOOXOOO,8.27,11
8,TGCTTACGCTA,7/11,"rgb(199,231,127)",ATCGTAGGCTA,XXOXOOXOOOO,8.27,11
8,AGCGTACGCTA,9/11,"rgb(87,181,95)",ATCGTAGGCTA,OXOOOOXOOOO,8.27,11
8,ACCATAGGCTA,9/11,"rgb(87,181,95)",ATCGTAGGCTA,OXOXOOOOOOO,8.27,11
8,AGCTTACTCTA,7/11,"rgb(199,231,127)",ATCGTAGGCTA,OXOXOOXXOOO,8.27,11
8,ACCGTAGCCTA,9/11,"rgb(87,181,95)",ATCGTAGGCTA,OXOOOOOXOOO,8.27,11
8,ACCATAGGCTT,8/11,"rgb(147,208,103)",ATCGTAGGCTA,OXOXOOOOOOX,8.27,11
8,ACCGTAGTCTA,9/11,"rgb(87,181,95)",ATCGTAGGCTA,OXOOOOOXOOO,8.27,11
8,ACCGTACGCTA,9/11,"rgb(87,181,95)",ATCGTAGGCTA,OXOOOOXOOOO,8.27,11
9,AGCGTAGTCTA,9/11,"rgb(87,181,95)",ATCGTAGGCTA,OXOOOOOXOOO,8.47,11
9,ACTATAGGCTA,8/11,"rgb(147,208,103)",ATCGTAGGCTA,OXXXOOOOOOO,8.47,11
9,ACCGTAGTCTA,9/11,"rgb(87,181,95)",ATCGTAGGCTA,OXOOOOOXOOO,8.47,11
9,TGCGTACGCTA,8/11,"rgb(147,208,103)",ATCGTAGGCTA,XXOOOOXOOOO,8.47,11
9,ACCTTACGCTA,8/11,"rgb(147,208,103)",ATCGTAGGCTA,OXOXOOXOOOO,8.47,11
9,AACGTAGCTTA,8/11,"rgb(147,208,103)",ATCGTAGGCTA,OXOOOOOXXOO,8.47,11
9,AACGTCCGCTA,8/11,"rgb(147,208,103)",ATCGTAGGCTA,OXOOOXXOOOO,8.47,11
9,ACCGTACGCTA,9/11,"rgb(87,181,95)",ATCGTAGGCTA,OXOOOOXOOOO,8.47,11
9,AACGTAGCCTA,9/11,"rgb(87,181,95)",ATCGTAGGCTA,OXOOOOOXOOO,8.47,11
9,ACCGAAGCCTA,8/11,"rgb(147,208,103)",ATCGTAGGCTA,OXOOXOOXOOO,8.47,11
9,ACCGTACGCTA,9/11,"rgb(87,181,95)",ATCGTAGGCTA,OXOOOOXOOOO,8.47,11
9,AGCTTAGCCTA,8/11,"rgb(147,208,103)",ATCGTAGGCTA,OXOXOOOXOOO,8.47,11
9,ACCGTACGCTA,9/11,"rgb(87,181,95)",ATCGTAGGCTA,OXOOOOXOOOO,8.47,11
9,ACCGTAGTCTA,9/11,"rgb(87,181,95)",ATCGTAGGCTA,OXOOOOOXOOO,8.47,11
9,ACTGTAGTCTA,8/11,"rgb(147,208,103)",ATCGTAGGCTA,OXXOOOOXOOO,8.47,11
9,ACCACAGGTTA,7/11,"rgb(199,231,127)",ATCGTAGGCTA,OXOXXOOOXOO,8.47,11
9,ACCATAGGCTA,9/11,"rgb(87,181,95)",ATCGTAGGCTA,OXOXOOOOOOO,8.47,11
9,AGCTTACGCTA,8/11,"rgb(147,208,103)",ATCGTAGGCTA,OXOXOOXOOOO,8.47,11
9,ACCGTAGCCTA,9/11,"rgb(87,181,95)",ATCGTAGGCTA,OXOOOOOXOOO,8.47,11
9,AGCGTAGCCTT,8/11,"rgb(147,208,103)",ATCGTAGGCTA,OXOOOOOXOOX,8.47,11
9,TGCATAGGCTA,8/11,"rgb(147,208,103)",ATCGTAGGCTA,XXOXOOOOOOO,8.47,11
9,AACATAGGCTA,9/11,"rgb(87,181,95)",ATCGTAGGCTA,OXOXOOOOOOO,8.47,11
9,AACGTAGCCTA,9/11,"rgb(87,181,95)",ATCGTAGGCTA,OXOOOOOXOOO,8.47,11
9,ACCATAGCCTA,8/11,"rgb(147,208,103)",ATCGTAGGCTA,OXOXOOOXOOO,8.47,11
9,ACCGTAGCCTA,9/11,"rgb(87,181,95)",ATCGTAGGCTA,OXOOOOOXOOO,8.47,11
9,ACTGTACGCTA,8/11,"rgb(147,208,103)",ATCGTAGGCTA,OXXOOOXOOOO,8.47,11
9,ACCGTAGCCTA,9/11,"rgb(87,181,95)",ATCGTAGGCTA,OXOOOOOXOOO,8.47,11
9,ACCGTACGCTA,9/11,"rgb(87,181,95)",ATCGTAGGCTA,OXOOOOXOOOO,8.47,11
9,ACCGTACGCTA,9/11,"rgb(87,181,95)",ATCGTAGGCTA,OXOOOOXOOOO,8.47,11
9,AACGTTGTCTA,8/11,"rgb(147,208,103)",ATCGTAGGCTA,OXOOOXOXOOO,8.47,11
10,ACCGTACGCTA,9/11,"rgb(87,181,95)",ATCGTAGGCTA,OXOOOOXOOOO,8.53,11
10,AGCTTAGGCTA,9/11,"rgb(87,181,95)",ATCGTAGGCTA,OXOXOOOOOOO,8.53,11
10,AACCTCCGCTA,7/11,"rgb(199,231,127)",ATCGTAGGCTA,OXOXOXXOOOO,8.53,11
10,ACCGTACGCTA,9/11,"rgb(87,181,95)",ATCGTAGGCTA,OXOOOOXOOOO,8.53,11
10,AACGTAGTCTG,8/11,"rgb(147,208,103)",ATCGTAGGCTA,OXOOOOOXOOX,8.53,11
10,AGCTCAGCCTA,7/11,"rgb(199,231,127)",ATCGTAGGCTA,OXOXXOOXOOO,8.53,11
10,ACCGAACGCAA,7/11,"rgb(199,231,127)",ATCGTAGGCTA,OXOOXOXOOXO,8.53,11
10,AACGTACGATA,8/11,"rgb(147,208,103)",ATCGTAGGCTA,OXOOOOXOXOO,8.53,11
10,AACGTAGCCTA,9/11,"rgb(87,181,95)",ATCGTAGGCTA,OXOOOOOXOOO,8.53,11
10,ACCGTAGCCTA,9/11,"rgb(87,181,95)",ATCGTAGGCTA,OXOOOOOXOOO,8.53,11
10,AACATAGGCTA,9/11,"rgb(87,181,95)",ATCGTAGGCTA,OXOXOOOOOOO,8.53,11
10,ACCGTACGCTA,9/11,"rgb(87,181,95)",ATCGTAGGCTA,OXOOOOXOOOO,8.53,11
10,ACTATAGGCTA,8/11,"rgb(147,208,103)",ATCGTAGGCTA,OXXXOOOOOOO,8.53,11
10,ACCGTAGTCTC,8/11,"rgb(147,208,103)",ATCGTAGGCTA,OXOOOOOXOOX,8.53,11
10,ACCGCACGCTA,8/11,"rgb(147,208,103)",ATCGTAGGCTA,OXOOXOXOOOO,8.53,11
10,ACCGTACGCTA,9/11,"rgb(87,181,95)",ATCGTAGGCTA,OXOOOOXOOOO,8.53,11
10,ACCGTACGCTA,9/11,"rgb(87,181,95)",ATCGTAGGCTA,OXOOOOXOOOO,8.53,11
10,ACGGTAGGCTA,9/11,"rgb(87,181,95)",ATCGTAGGCTA,OXXOOOOOOOO,8.53,11
10,ACCGTACGCTA,9/11,"rgb(87,181,95)",ATCGTAGGCTA,OXOOOOXOOOO,8.53,11
10,AACATAGGCCA,8/11,"rgb(147,208,103)",ATCGTAGGCTA,OXOXOOOOOXO,8.53,11
10,ACCGTACGCTA,9/11,"rgb(87,181,95)",ATCGTAGGCTA,OXOOOOXOOOO,8.53,11
10,ACCGTAGCCTA,9/11,"rgb(87,181,95)",ATCGTAGGCTA,OXOOOOOXOOO,8.53,11
10,ACCGTAGTCTA,9/11,"rgb(87,181,95)",ATCGTAGGCTA,OXOOOOOXOOO,8.53,11
10,AACATAGGCTA,9/11,"rgb(87,181,95)",ATCGTAGGCTA,OXOXOOOOOOO,8.53,11
10,ACCGTACGCTA,9/11,"rgb(87,181,95)",ATCGTAGGCTA,OXOOOOXOOOO,8.53,11
10,ACCGTAGGCTA,10/11,"rgb(23,147,77)",ATCGTAGGCTA,OXOOOOOOOOO,8.53,11
10,ACCGGACGCTA,8/11,"rgb(147,208,103)",ATCGTAGGCTA,OXOOXOXOOOO,8.53,11
10,GCGGTAGGCTA,8/11,"rgb(147,208,103)",ATCGTAGGCTA,XXXOOOOOOOO,8.53,11
10,ACCGTAGCATA,8/11,"rgb(147,208,103)",ATCGTAGGCTA,OXOOOOOXXOO,8.53,11
10,ACCGTACGCTA,9/11,"rgb(87,181,95)",ATCGTAGGCTA,OXOOOOXOOOO,8.53,11
11,AGCTTAGGATA,8/11,"rgb(147,208,103)",ATCGTAGGCTA,OXOXOOOOXOO,8.70,11
11,AACGTAGCCTA,9/11,"rgb(87,181,95)",ATCGTAGGCTA,OXOOOOOXOOO,8.70,11
11,ACCGTAGGCTA,10/11,"rgb(23,147,77)",ATCGTAGGCTA,OXOOOOOOOOO,8.70,11
11,ACTATAGCCTA,7/11,"rgb(199,231,127)",ATCGTAGGCTA,OXXXOOOXOOO,8.70,11
11,ACCGTAGTCTA,9/11,"rgb(87,181,95)",ATCGTAGGCTA,OXOOOOOXOOO,8.70,11
11,AACGTAGTCTA,9/11,"rgb(87,181,95)",ATCGTAGGCTA,OXOOOOOXOOO,8.70,11
11,ACCGTACGCTA,9/11,"rgb(87,181,95)",ATCGTAGGCTA,OXOOOOXOOOO,8.70,11
11,ACCGTACGCTA,9/11,"rgb(87,181,95)",ATCGTAGGCTA,OXOOOOXOOOO,8.70,11
11,ATCGTAGTCTA,10/11,"rgb(23,147,77)",ATCGTAGGCTA,OOOOOOOXOOO,8.70,11
11,ACCGTACGCTA,9/11,"rgb(87,181,95)",ATCGTAGGCTA,OXOOOOXOOOO,8.70,11
11,ACCGTACGCTA,9/11,"rgb(87,181,95)",ATCGTAGGCTA,OXOOOOXOOOO,8.70,11
11,ACCGTACGCTA,9/11,"rgb(87,181,95)",ATCGTAGGCTA,OXOOOOXOOOO,8.70,11
11,ACCGTACGCTA,9/11,"rgb(87,181,95)",ATCGTAGGCTA,OXOOOOXOOOO,8.70,11
11,ACCGTACGCTA,9/11,"rgb(87,181,95)",ATCGTAGGCTA,OXOOOOXOOOO,8.70,11
11,TCCGTACGCTA,8/11,"rgb(147,208,103)",ATCGTAGGCTA,XXOOOOXOOOO,8.70,11
11,ACCGTACGCTA,9/11,"rgb(87,181,95)",ATCGTAGGCTA,OXOOOOXOOOO,8.70,11
11,AACGTAGTCTA,9/11,"rgb(87,181,95)",ATCGTAGGCTA,OXOOOOOXOOO,8.70,11
11,AACATACGCTA,8/11,"rgb(147,208,103)",ATCGTAGGCTA,OXOXOOXOOOO,8.70,11
11,ACCGTAGCCTA,9/11,"rgb(87,181,95)",ATCGTAGGCTA,OXOOOOOXOOO,8.70,11
11,AACGCACGCTA,8/11,"rgb(147,208,103)",ATCGTAGGCTA,OXOOXOXOOOO,8.70,11
11,ACCGTACGCTA,9/11,"rgb(87,181,95)",ATCGTAGGCTA,OXOOOOXOOOO,8.70,11
11,ACGGAAGGCTA,8/11,"rgb(147,208,103)",ATCGTAGGCTA,OXXOXOOOOOO,8.70,11
11,ACCGTAGGCTA,10/11,"rgb(23,147,77)",ATCGTAGGCTA,OXOOOOOOOOO,8.70,11
11,ACCGTACGCTA,9/11,"rgb(87,181,95)",ATCGTAGGCTA,OXOOOOXOOOO,8.70,11
11,ACTATAAGCTA,7/11,"rgb(199,231,127)",ATCGTAGGCTA,OXXXOOXOOOO,8.70,11
11,ACCGTACGCTA,9/11,"rgb(87,181,95)",ATCGTAGGCTA,OXOOOOXOOOO,8.70,11
11,ACCGTACACTA,8/11,"rgb(147,208,103)",ATCGTAGGCTA,OXOOOOXXOOO,8.70,11
11,ACCGTACGCTA,9/11,"rgb(87,181,95)",ATCGTAGGCTA,OXOOOOXOOOO,8.70,11
11,ACCGTACGCTT,8/11,"rgb(147,208,103)",ATCGTAGGCTA,OXOOOOXOOOX,8.70,11
11,AACGCACGCTA,8/11,"rgb(147,208,103)",ATCGTAGGCTA,OXOOXOXOOOO,8.70,11
12,ACCGTACGCTG,8/11,"rgb(147,208,103)",ATCGTAGGCTA,OXOOOOXOOOX,8.60,11
12,AACGTAGTCTA,9/11,"rgb(87,181,95)",ATCGTAGGCTA,OXOOOOOXOOO,8.60,11
12,ACCGTACGCTA,9/11,"rgb(87,181,95)",ATCGTAGGCTA,OXOOOOXOOOO,8.60,11
12,AACGTACGCTT,8/11,"rgb(147,208,103)",ATCGTAGGCTA,OXOOOOXOOOX,8.60,11
12,ACCGTAGTCTA,9/11,"rgb(87,181,95)",ATCGTAGGCTA,OXOOOOOXOOO,8.60,11
12,ACCGTAGTCTA,9/11,"rgb(87,181,95)",ATCGTAGGCTA,OXOOOOOXOOO,8.60,11
12,ACCGTACGCTA,9/11,"rgb(87,181,95)",ATCGTAGGCTA,OXOOOOXOOOO,8.60,11
12,ACCGTACGCTA,9/11,"rgb(87,181,95)",ATCGTAGGCTA,OXOOOOXOOOO,8.60,11
12,ACCGTAGTCTA,9/11,"rgb(87,181,95)",ATCGTAGGCTA,OXOOOOOXOOO,8.60,11
12,AACGTATGCTA,9/11,"rgb(87,181,95)",ATCGTAGGCTA,OXOOOOXOOOO,8.60,11
12,ACAGCACGCTA,7/11,"rgb(199,231,127)",ATCGTAGGCTA,OXXOXOXOOOO,8.60,11
12,ACCGAAGGCTA,9/11,"rgb(87,181,95)",ATCGTAGGCTA,OXOOXOOOOOO,8.60,11
12,ACGGTACGCTA,8/11,"rgb(147,208,103)",ATCGTAGGCTA,OXXOOOXOOOO,8.60,11
12,ACCGTACGCTA,9/11,"rgb(87,181,95)",ATCGTAGGCTA,OXOOOOXOOOO,8.60,11
12,AGCGTAGGCTA,10/11,"rgb(23,147,77)",ATCGTAGGCTA,OXOOOOOOOOO,8.60,11
12,ACCGTGCGCTA,8/11,"rgb(147,208,103)",ATCGTAGGCTA,OXOOOXXOOOO,8.60,11
12,TCCGTACGCTA,8/11,"rgb(147,208,103)",ATCGTAGGCTA,XXOOOOXOOOO,8.60,11
12,AACGTACGCTA,9/11,"rgb(87,181,95)",ATCGTAGGCTA,OXOOOOXOOOO,8.60,11
12,ACCGTACGAGG,6/11,"rgb(237,247,167)",ATCGTAGGCTA,OXOOOOXOXXX,8.60,11
12,ACCGTACGCTA,9/11,"rgb(87,181,95)",ATCGTAGGCTA,OXOOOOXOOOO,8.60,11
12,ACCGTAGGCTA,10/11,"rgb(23,147,77)",ATCGTAGGCTA,OXOOOOOOOOO,8.60,11
12,ACCGTACGCTA,9/11,"rgb(87,181,95)",ATCGTAGGCTA,OXOOOOXOOOO,8.60,11
12,ACCGTACGCTA,9/11,"rgb(87,181,95)",ATCGTAGGCTA,OXOOOOXOOOO,8.60,11
12,ACCGTACGCTA,9/11,"rgb(87,181,95)",ATCGTAGGCTA,OXOOOOXOOOO,8.60,11
12,ACTGCACGCTA,7/11,"rgb(199,231,127)",ATCGTAGGCTA,OXXOXOXOOOO,8.60,11
12,AACGGACGCTA,8/11,"rgb(147,208,103)",ATCGTAGGCTA,OXOOXOXOOOO,8.60,11
12,AACGTAGGCTA,10/11,"rgb(23,147,77)",ATCGTAGGCTA,OXOOOOOOOOO,8.60,11
12,ACCGTACGCCG,7/11,"rgb(199,231,127)",ATCGTAGGCTA,OXOOOOXOOXX,8.60,11
12,ACTGTACGCTA,8/11,"rgb(147,208,103)",ATCGTAGGCTA,OXXOOOXOOOO,8.60,11
12,ACCGTAGGCTA,10/11,"rgb(23,147,77)",ATCGTAGGCTA,OXOOOOOOOOO,8.60,11
13,ACCGAACGCTA,8/11,"rgb(147,208,103)",ATCGTAGGCTA,OXOOXOXOOOO,8.97,11
13,ACCGTACGCTA,9/11,"rgb(87,181,95)",ATCGTAGGCTA,OXOOOOXOOOO,8.97,11
13,AACGTAGGCTA,10/11,"rgb(23,147,77)",ATCGTAGGCTA,OXOOOOOOOOO,8.97,11
13,ACCGTACGCTA,9/11,"rgb(87,181,95)",ATCGTAGGCTA,OXOOOOXOOOO,8.97,11
13,AACGTACGCTG,8/11,"rgb(147,208,103)",ATCGTAGGCTA,OXOOOOXOOOX,8.97,11
13,ACCGTAGGCTA,10/11,"rgb(23,147,77)",ATCGTAGGCTA,OXOOOOOOOOO,8.97,11
13,TCCGTACGCTA,8/11,"rgb(147,208,103)",ATCGTAGGCTA,XXOOOOXOOOO,8.97,11
13,ACCGTACGCTA,9/11,"rgb(87,181,95)",ATCGTAGGCTA,OXOOOOXOOOO,8.97,11
13,ACCGTAGGCTA,10/11,"rgb(23,147,77)",ATCGTAGGCTA,OXOOOOOOOOO,8.97,11
13,GCCGTACGCTA,8/11,"rgb(147,208,103)",ATCGTAGGCTA,XXOOOOXOOOO,8.97,11
13,ACCGTACATTA,7/11,"rgb(199,231,127)",ATCGTAGGCTA,OXOOOOXXXOO,8.97,11
13,AACGTAGGCTA,10/11,"rgb(23,147,77)",ATCGTAGGCTA,OXOOOOOOOOO,8.97,11
13,ACCGTAGTCTA,9/11,"rgb(87,181,95)",ATCGTAGGCTA,OXOOOOOXOOO,8.97,11
13,AACGTACGCTA,9/11,"rgb(87,181,95)",ATCGTAGGCTA,OXOOOOXOOOO,8.97,11
13,ACCGTACGCTA,9/11,"rgb(87,181,95)",ATCGTAGGCTA,OXOOOOXOOOO,8.97,11
13,ACCGTAGGCTA,10/11,"rgb(23,147,77)",ATCGTAGGCTA,OXOOOOOOOOO,8.97,11
13,ACCGTACGCTA,9/11,"rgb(87,181,95)",ATCGTAGGCTA,OXOOOOXOOOO,8.97,11
13,AGCGTAGGCTA,10/11,"rgb(23,147,77)",ATCGTAGGCTA,OXOOOOOOOOO,8.97,11
13,AGCGAAGGCTA,9/11,"rgb(87,181,95)",ATCGTAGGCTA,OXOOXOOOOOO,8.97,11
13,ACCGTACGCTA,9/11,"rgb(87,181,95)",ATCGTAGGCTA,OXOOOOXOOOO,8.97,11
13,ACCGTACGCTA,9/11,"rgb(87,181,95)",ATCGTAGGCTA,OXOOOOXOOOO,8.97,11
13,ACCGTACGCTA,9/11,"rgb(87,181,95)",ATCGTAGGCTA,OXOOOOXOOOO,8.97,11
13,AACGTAGGCTA,10/11,"rgb(23,147,77)",ATCGTAGGCTA,OXOOOOOOOOO,8.97,11
13,ACCGTCGTCTA,8/11,"rgb(147,208,103)",ATCGTAGGCTA,OXOOOXOXOOO,8.97,11
13,AGCGTCAGCTT,7/11,"rgb(199,231,127)",ATCGTAGGCTA,OXOOOXXOOOX,8.97,11
13,ACCGTACGCTA,9/11,"rgb(87,181,95)",ATCGTAGGCTA,OXOOOOXOOOO,8.97,11
13,ACCGTAGGCTA,10/11,"rgb(23,147,77)",ATCGTAGGCTA,OXOOOOOOOOO,8.97,11
13,AGCGTAGGCTA,10/11,"rgb(23,147,77)",ATCGTAGGCTA,OXOOOOOOOOO,8.97,11
13,ACCGTAGCCTA,9/11,"rgb(87,181,95)",ATCGTAGGCTA,OXOOOOOXOOO,8.97,11
13,GCCGTACGCTA,8/11,"rgb(147,208,103)",ATCGTAGGCTA,XXOOOOXOOOO,8.97,11
14,ACCGTAGGCTA,10/11,"rgb(23,147,77)",ATCGTAGGCTA,OXOOOOOOOOO,9.13,11
14,AGCGTAGGCTA,10/11,"rgb(23,147,77)",ATCGTAGGCTA,OXOOOOOOOOO,9.13,11
14,AGCGAAGGCTA,9/11,"rgb(87,181,95)",ATCGTAGGCTA,OXOOXOOOOOO,9.13,11
14,AACGAACGCTA,8/11,"rgb(147,208,103)",ATCGTAGGCTA,OXOOXOXOOOO,9.13,11
14,AACGTAGACTA,9/11,"rgb(87,181,95)",ATCGTAGGCTA,OXOOOOOXOOO,9.13,11
14,ACGGTAGGCTA,9/11,"rgb(87,181,95)",ATCGTAGGCTA,OXXOOOOOOOO,9.13,11
14,AGCGTAGGCTA,10/11,"rgb(23,147,77)",ATCGTAGGCTA,OXOOOOOOOOO,9.13,11
14,AACGTACGCTA,9/11,"rgb(87,181,95)",ATCGTAGGCTA,OXOOOOXOOOO,9.13,11
14,ACCGTAGGCTA,10/11,"rgb(23,147,77)",ATCGTAGGCTA,OXOOOOOOOOO,9.13,11
14,GCCGTACGCTA,8/11,"rgb(147,208,103)",ATCGTAGGCTA,XXOOOOXOOOO,9.13,11
14,ACCGTAGCCTA,9/11,"rgb(87,181,95)",ATCGTAGGCTA,OXOOOOOXOOO,9.13,11
14,AACGTACGCTA,9/11,"rgb(87,181,95)",ATCGTAGGCTA,OXOOOOXOOOO,9.13,11
14,ACCGAAGGCTA,9/11,"rgb(87,181,95)",ATCGTAGGCTA,OXOOXOOOOOO,9.13,11
14,CGCGTAGGCTA,9/11,"rgb(87,181,95)",ATCGTAGGCTA,XXOOOOOOOOO,9.13,11
14,ACCGTAGGCTA,10/11,"rgb(23,147,77)",ATCGTAGGCTA,OXOOOOOOOOO,9.13,11
14,ACCGTACGCTA,9/11,"rgb(87,181,95)",ATCGTAGGCTA,OXOOOOXOOOO,9.13,11
14,AGCGTAGCCTA,9/11,"rgb(87,181,95)",ATCGTAGGCTA,OXOOOOOXOOO,9.13,11
14,ACCGTAGTCTA,9/11,"rgb(87,181,95)",ATCGTAGGCTA,OXOOOOOXOOO,9.13,11
14,ACCGTACTCTA,8/11,"rgb(147,208,103)",ATCGTAGGCTA,OXOOOOXXOOO,9.13,11
14,ACCGTACACTA,8/11,"rgb(147,208,103)",ATCGTAGGCTA,OXOOOOXXOOO,9.13,11
14,ACCGTAGGCTA,10/11,"rgb(23,147,77)",ATCGTAGGCTA,OXOOOOOOOOO,9.13,11
14,AAGGTACGCTA,8/11,"rgb(147,208,103)",ATCGTAGGCTA,OXXOOOXOOOO,9.13,11
14,ACCGTACGCTA,9/11,"rgb(87,181,95)",ATCGTAGGCTA,OXOOOOXOOOO,9.13,11
14,ACCGTCGGCTA,9/11,"rgb(87,181,95)",ATCGTAGGCTA,OXOOOXOOOOO,9.13,11
14,ACCGTAGGCTA,10/11,"rgb(23,147,77)",ATCGTAGGCTA,OXOOOOOOOOO,9.13,11
14,AACGTAGGCTA,10/11,"rgb(23,147,77)",ATCGTAGGCTA,OXOOOOOOOOO,9.13,11
14,AACGTAGGCTA,10/11,"rgb(23,147,77)",ATCGTAGGCTA,OXOOOOOOOOO,9.13,11
14,AGCGTAGGCTA,10/11,"rgb(23,147,77)",ATCGTAGGCTA,OXOOOOOOOOO,9.13,11
14,ACGGTAGGCTA,9/11,"rgb(87,181,95)",ATCGTAGGCTA,OXXOOOOOOOO,9.13,11
14,ACGGTACGCTA,8/11,"rgb(147,208,103)",ATCGTAGGCTA,OXXOOOXOOOO,9.13,11
15,ACCGTAGGCTA,10/11,"rgb(23,147,77)",ATCGTAGGCTA,OXOOOOOOOOO,9.20,11
15,AGCGTAGCCTA,9/11,"rgb(87,181,95)",ATCGTAGGCTA,OXOOOOOXOOO,9.20,11
15,AACTTAGGCTA,9/11,"rgb(87,181,95)",ATCGTAGGCTA,OXOXOOOOOOO,9.20,11
15,GGCGTACGCTA,8/11,"rgb(147,208,103)",ATCGTAGGCTA,XXOOOOXOOOO,9.20,11
15,AGCGTAAGCTA,9/11,"rgb(87,181,95)",ATCGTAGGCTA,OXOOOOXOOOO,9.20,11
15,ACCGTAGGCTA,10/11,"rgb(23,147,77)",ATCGTAGGCTA,OXOOOOOOOOO,9.20,11
15,ACCGTACGCTA,9/11,"rgb(87,181,95)",ATCGTAGGCTA,OXOOOOXOOOO,9.20,11
15,AACGTACTCTA,8/11,"rgb(147,208,103)",ATCGTAGGCTA,OXOOOOXXOOO,9.20,11
15,ACAGTAGGCTA,9/11,"rgb(87,181,95)",ATCGTAGGCTA,OXXOOOOOOOO,9.20,11
15,AGCGTAGGCTA,10/11,"rgb(23,147,77)",ATCGTAGGCTA,OXOOOOOOOOO,9.20,11
15,ACCGTACGCTA,9/11,"rgb(87,181,95)",ATCGTAGGCTA,OXOOOOXOOOO,9.20,11
15,AATGTAGGCTA,9/11,"rgb(87,181,95)",ATCGTAGGCTA,OXXOOOOOOOO,9.20,11
15,AACGTAGGCTA,10/11,"rgb(23,147,77)",ATCGTAGGCTA,OXOOOOOOOOO,9.20,11
15,ACTGTAGGCTA,9/11,"rgb(87,181,95)",ATCGTAGGCTA,OXXOOOOOOOO,9.20,11
15,ACCGTAGGCTA,10/11,"rgb(23,147,77)",ATCGTAGGCTA,OXOOOOOOOOO,9.20,11
15,AACGTACGCTA,9/11,"rgb(87,181,95)",ATCGTAGGCTA,OXOOOOXOOOO,9.20,11
15,ACCGTACGCTA,9/11,"rgb(87,181,95)",ATCGTAGGCTA,OXOOOOXOOOO,9.20,11
15,ACCGTACGCAA,8/11,"rgb(147,208,103)",ATCGTAGGCTA,OXOOOOXOOXO,9.20,11
15,AACGTAGGCTA,10/11,"rgb(23,147,77)",ATCGTAGGCTA,OXOOOOOOOOO,9.20,11
15,AGCGTAGGCTA,10/11,"rgb(23,147,77)",ATCGTAGGCTA,OXOOOOOOOOO,9.20,11
15,ACCGTACTCTA,8/11,"rgb(147,208,103)",ATCGTAGGCTA,OXOOOOXXOOO,9.20,11
15,ACCGTAGGCTA,10/11,"rgb(23,147,77)",ATCGTAGGCTA,OXOOOOOOOOO,9.20,11
15,ACCGTAGGCTA,10/11,"rgb(23,147,77)",ATCGTAGGCTA,OXOOOOOOOOO,9.20,11
15,AACGTAGACTA,9/11,"rgb(87,181,95)",ATCGTAGGCTA,OXOOOOOXOOO,9.20,11
15,ACCGTAGGCTA,10/11,"rgb(23,147,77)",ATCGTAGGCTA,OXOOOOOOOOO,9.20,11
15,AACGTAGGCTA,10/11,"rgb(23,147,77)",ATCGTAGGCTA,OXOOOOOOOOO,9.20,11
15,ACCGTAGCCTA,9/11,"rgb(87,181,95)",ATCGTAGGCTA,OXOOOOOXOOO,9.20,11
15,AGCGAAGGCTG,8/11,"rgb(147,208,103)",ATCGTAGGCTA,OXOOXOOOOOX,9.20,11
15,ACCGTACGCTC,8/11,"rgb(147,208,103)",ATCGTAGGCTA,OXOOOOXOOOX,9.20,11
15,ACCGTAGGCTA,10/11,"rgb(23,147,77)",ATCGTAGGCTA,OXOOOOOOOOO,9.20,11
16,CCAGTAGGCTA,8/11,"rgb(147,208,103)",ATCGTAGGCTA,XXXOOOOOOOO,9.20,11
16,AGCGTAGCCTA,9/11,"rgb(87,181,95)",ATCGTAGGCTA,OXOOOOOXOOO,9.20,11
16,ACCGTTCGCTA,8/11,"rgb(147,208,103)",ATCGTAGGCTA,OXOOOXXOOOO,9.20,11
16,ACCTTAGGCTA,9/11,"rgb(87,181,95)",ATCGTAGGCTA,OXOXOOOOOOO,9.20,11
16,ACCGTATGCTA,9/11,"rgb(87,181,95)",ATCGTAGGCTA,OXOOOOXOOOO,9.20,11
16,AGCGTAGGCTA,10/11,"rgb(23,147,77)",ATCGTAGGCTA,OXOOOOOOOOO,9.20,11
16,AGCGTAGGCTA,10/11,"rgb(23,147,77)",ATCGTAGGCTA,OXOOOOOOOOO,9.20,11
16,TCCTTAGGCTA,8/11,"rgb(147,208,103)",ATCGTAGGCTA,XXOXOOOOOOO,9.20,11
16,AACGTAGGCTA,10/11,"rgb(23,147,77)",ATCGTAGGCTA,OXOOOOOOOOO,9.20,11
16,AACGTAGGCTA,10/11,"rgb(23,147,77)",ATCGTAGGCTA,OXOOOOOOOOO,9.20,11
16,AGCGTAGGCTA,10/11,"rgb(23,147,77)",ATCGTAGGCTA,OXOOOOOOOOO,9.20,11
16,AGCGTAGGCTA,10/11,"rgb(23,147,77)",ATCGTAGGCTA,OXOOOOOOOOO,9.20,11
16,ACCGTAGGCTA,10/11,"rgb(23,147,77)",ATCGTAGGCTA,OXOOOOOOOOO,9.20,11
16,ACCGTAGCCTA,9/11,"rgb(87,181,95)",ATCGTAGGCTA,OXOOOOOXOOO,9.20,11
16,ACCGTACGCTA,9/11,"rgb(87,181,95)",ATCGTAGGCTA,OXOOOOXOOOO,9.20,11
16,AACGTAATCTA,8/11,"rgb(147,208,103)",ATCGTAGGCTA,OXOOOOXXOOO,9.20,11
16,AACGTAGGCTA,10/11,"rgb(23,147,77)",ATCGTAGGCTA,OXOOOOOOOOO,9.20,11
16,AGCGTAGGCTA,10/11,"rgb(23,147,77)",ATCGTAGGCTA,OXOOOOOOOOO,9.20,11
16,ACAGTAGACTA,8/11,"rgb(147,208,103)",ATCGTAGGCTA,OXXOOOOXOOO,9.20,11
16,AACGTAAGCTA,9/11,"rgb(87,181,95)",ATCGTAGGCTA,OXOOOOXOOOO,9.20,11
16,ACCGTAGGCGA,9/11,"rgb(87,181,95)",ATCGTAGGCTA,OXOOOOOOOXO,9.20,11
16,CACGTACGCTA,8/11,"rgb(147,208,103)",ATCGTAGGCTA,XXOOOOXOOOO,9.20,11
16,AGCGTAGGCTA,10/11,"rgb(23,147,77)",ATCGTAGGCTA,OXOOOOOOOOO,9.20,11
16,AACGTAGGCTA,10/11,"rgb(23,147,77)",ATCGTAGGCTA,OXOOOOOOOOO,9.20,11
16,ACAGTAGGCTA,9/11,"rgb(87,181,95)",ATCGTAGGCTA,OXXOOOOOOOO,9.20,11
16,AATGTAGCCTA,8/11,"rgb(147,208,103)",ATCGTAGGCTA,OXXOOOOXOOO,9.20,11
16,ACCGTAGGCTA,10/11,"rgb(23,147,77)",ATCGTAGGCTA,OXOOOOOOOOO,9.20,11
16,AACGTAGTCTA,9/11,"rgb(87,181,95)",ATCGTAGGCTA,OXOOOOOXOOO,9.20,11
16,ACCGTACGCTA,9/11,"rgb(87,181,95)",ATCGTAGGCTA,OXOOOOXOOOO,9.20,11
16,ACCGTAGGCTA,10/11,"rgb(23,147,77)",ATCGTAGGCTA,OXOOOOOOOOO,9.20,11
17,AGCGTAGGCTA,10/11,"rgb(23,147,77)",ATCGTAGGCTA,OXOOOOOOOOO,9.53,11
17,ACCTTATGCTA,8/11,"rgb(147,208,103)",ATCGTAGGCTA,OXOXOOXOOOO,9.53,11
17,AGCGTAGGCTA,10/11,"rgb(23,147,77)",ATCGTAGGCTA,OXOOOOOOOOO,9.53,11
17,AGCGTAGGCTA,10/11,"rgb(23,147,77)",ATCGTAGGCTA,OXOOOOOOOOO,9.53,11
17,ACCATAGGCTA,9/11,"rgb(87,181,95)",ATCGTAGGCTA,OXOXOOOOOOO,9.53,11
17,AGCGTAGGCTA,10/11,"rgb(23,147,77)",ATCGTAGGCTA,OXOOOOOOOOO,9.53,11
17,AGCGTAGGCTA,10/11,"rgb(23,147,77)",ATCGTAGGCTA,OXOOOOOOOOO,9.53,11
17,ACCTTAGGCTA,9/11,"rgb(87,181,95)",ATCGTAGGCTA,OXOXOOOOOOO,9.53,11
17,AGCGTAGGCTA,10/11,"rgb(23,147,77)",ATCGTAGGCTA,OXOOOOOOOOO,9.53,11
17,AACGTAGTCTA,9/11,"rgb(87,181,95)",ATCGTAGGCTA,OXOOOOOXOOO,9.53,11
17,AGCGTAGGCTA,10/11,"rgb(23,147,77)",ATCGTAGGCTA,OXOOOOOOOOO,9.53,11
17,AGCGTAGGCTA,10/11,"rgb(23,147,77)",ATCGTAGGCTA,OXOOOOOOOOO,9.53,11
17,ACCGTAGGCTA,10/11,"rgb(23,147,77)",ATCGTAGGCTA,OXOOOOOOOOO,9.53,11
17,AACGTAGGCTA,10/11,"rgb(23,147,77)",ATCGTAGGCTA,OXOOOOOOOOO,9.53,11
17,AGCGTAGGCTA,10/11,"rgb(23,147,77)",ATCGTAGGCTA,OXOOOOOOOOO,9.53,11
17,AACTTAGGTTA,8/11,"rgb(147,208,103)",ATCGTAGGCTA,OXOXOOOOXOO,9.53,11
17,AACGTAGGCTA,10/11,"rgb(23,147,77)",ATCGTAGGCTA,OXOOOOOOOOO,9.53,11
17,AGCGTAGGCTA,10/11,"rgb(23,147,77)",ATCGTAGGCTA,OXOOOOOOOOO,9.53,11
17,ACCGTAGCCTA,9/11,"rgb(87,181,95)",ATCGTAGGCTA,OXOOOOOXOOO,9.53,11
17,ATCGTAGGCTA,11/11,"rgb(0,104,55)",ATCGTAGGCTA,OOOOOOOOOOO,9.53,11
17,AACTTAGGCTA,9/11,"rgb(87,181,95)",ATCGTAGGCTA,OXOXOOOOOOO,9.53,11
17,AACGTAGGCTA,10/11,"rgb(23,147,77)",ATCGTAGGCTA,OXOOOOOOOOO,9.53,11
17,AATGTAGGCGA,8/11,"rgb(147,208,103)",ATCGTAGGCTA,OXXOOOOOOXO,9.53,11
17,AGCGTAATCTA,8/11,"rgb(147,208,103)",ATCGTAGGCTA,OXOOOOXXOOO,9.53,11
17,AGCGTAGGCTA,10/11,"rgb(23,147,77)",ATCGTAGGCTA,OXOOOOOOOOO,9.53,11
17,ATCGTAGTCTA,10/11,"rgb(23,147,77)",ATCGTAGGCTA,OOOOOOOXOOO,9.53,11
17,ACCGTAGGCTA,10/11,"rgb(23,147,77)",ATCGTAGGCTA,OXOOOOOOOOO,9.53,11
17,ACCATACGCTA,8/11,"rgb(147,208,103)",ATCGTAGGCTA,OXOXOOXOOOO,9.53,11
17,AACGTAGGCTA,10/11,"rgb(23,147,77)",ATCGTAGGCTA,OXOOOOOOOOO,9.53,11
17,AGCGTAGGCTA,10/11,"rgb(23,147,77)",ATCGTAGGCTA,OXOOOOOOOOO,9.53,11
18,AGCATAGGCTA,9/11,"rgb(87,181,95)",ATCGTAGGCTA,OXOXOOOOOOO,9.67,11
18,AGCGTAGGCTA,10/11,"rgb(23,147,77)",ATCGTAGGCTA,OXOOOOOOOOO,9.67,11
18,ACCGTAGGCTA,10/11,"rgb(23,147,77)",ATCGTAGGCTA,OXOOOOOOOOO,9.67,11
18,AGCGTAGGCTA,10/11,"rgb(23,147,77)",ATCGTAGGCTA,OXOOOOOOOOO,9.67,11
18,AGCGTAGGCTA,10/11,"rgb(23,147,77)",ATCGTAGGCTA,OXOOOOOOOOO,9.67,11
18,AACGTAGGCTA,10/11,"rgb(23,147,77)",ATCGTAGGCTA,OXOOOOOOOOO,9.67,11
18,ACCATAGGCTA,9/11,"rgb(87,181,95)",ATCGTAGGCTA,OXOXOOOOOOO,9.67,11
18,AACGTAGGCTA,10/11,"rgb(23,147,77)",ATCGTAGGCTA,OXOOOOOOOOO,9.67,11
18,ACCATAGGCTA,9/11,"rgb(87,181,95)",ATCGTAGGCTA,OXOXOOOOOOO,9.67,11
18,ATCGTAGGCTG,10/11,"rgb(23,147,77)",ATCGTAGGCTA,OOOOOOOOOOX,9.67,11
18,AACTTAGGCTA,9/11,"rgb(87,181,95)",ATCGTAGGCTA,OXOXOOOOOOO,9.67,11
18,AACGTAGCCTA,9/11,"rgb(87,181,95)",ATCGTAGGCTA,OXOOOOOXOOO,9.67,11
18,AACGTAGGCTA,10/11,"rgb(23,147,77)",ATCGTAGGCTA,OXOOOOOOOOO,9.67,11
18,AGCGTAGGCTA,10/11,"rgb(23,147,77)",ATCGTAGGCTA,OXOOOOOOOOO,9.67,11
18,AACGTAGTCTA,9/11,"rgb(87,181,95)",ATCGTAGGCTA,OXOOOOOXOOO,9.67,11
18,AGCGTAGGCTA,10/11,"rgb(23,147,77)",ATCGTAGGCTA,OXOOOOOOOOO,9.67,11
18,AACGTATGCTA,9/11,"rgb(87,181,95)",ATCGTAGGCTA,OXOOOOXOOOO,9.67,11
18,AACGTAGGCTA,10/11,"rgb(23,147,77)",ATCGTAGGCTA,OXOOOOOOOOO,9.67,11
18,AGCGTAGGCTA,10/11,"rgb(23,147,77)",ATCGTAGGCTA,OXOOOOOOOOO,9.67,11
18,AGCGTAGGCTA,10/11,"rgb(23,147,77)",ATCGTAGGCTA,OXOOOOOOOOO,9.67,11
18,AACGTAGGCTA,10/11,"rgb(23,147,77)",ATCGTAGGCTA,OXOOOOOOOOO,9.67,11
18,AGAGAAGGCTA,8/11,"rgb(147,208,103)",ATCGTAGGCTA,OXXOXOOOOOO,9.67,11
18,ATCGTAGGCTA,11/11,"rgb(0,104,55)",ATCGTAGGCTA,OOOOOOOOOOO,9.67,11
18,AGCGTAGGCTA,10/11,"rgb(23,147,77)",ATCGTAGGCTA,OXOOOOOOOOO,9.67,11
18,AGCGTAGTATA,8/11,"rgb(147,208,103)",ATCGTAGGCTA,OXOOOOOXXOO,9.67,11
18,ATCGTAGGCTA,11/11,"rgb(0,104,55)",ATCGTAGGCTA,OOOOOOOOOOO,9.67,11
18,AACTTAGGCTA,9/11,"rgb(87,181,95)",ATCGTAGGCTA,OXOXOOOOOOO,9.67,11
18,AGCGTAGGCTA,10/11,"rgb(23,147,77)",ATCGTAGGCTA,OXOOOOOOOOO,9.67,11
18,AATGTAGGCTA,9/11,"rgb(87,181,95)",ATCGTAGGCTA,OXXOOOOOOOO,9.67,11
18,ATCGTAGGCTA,11/11,"rgb(0,104,55)",ATCGTAGGCTA,OOOOOOOOOOO,9.67,11
19,ATCGTAGGTTA,10/11,"rgb(23,147,77)",ATCGTAGGCTA,OOOOOOOOXOO,9.87,11
19,CACGTAGGCTA,9/11,"rgb(87,181,95)",ATCGTAGGCTA,XXOOOOOOOOO,9.87,11
19,GGCGTAGGCTA,9/11,"rgb(87,181,95)",ATCGTAGGCTA,XXOOOOOOOOO,9.87,11
19,AACGTAGGCTA,10/11,"rgb(23,147,77)",ATCGTAGGCTA,OXOOOOOOOOO,9.87,11
19,AACGTAGGCTA,10/11,"rgb(23,147,77)",ATCGTAGGCTA,OXOOOOOOOOO,9.87,11
19,AGCGTAGGCAA,9/11,"rgb(87,181,95)",ATCGTAGGCTA,OXOOOOOOOXO,9.87,11
19,ATCGTAAGCTA,10/11,"rgb(23,147,77)",ATCGTAGGCTA,OOOOOOXOOOO,9.87,11
19,AGCGTAGGCTA,10/11,"rgb(23,147,77)",ATCGTAGGCTA,OXOOOOOOOOO,9.87,11
19,AGCGTAGGCTA,10/11,"rgb(23,147,77)",ATCGTAGGCTA,OXOOOOOOOOO,9.87,11
19,AGCGTAGGCTA,10/11,"rgb(23,147,77)",ATCGTAGGCTA,OXOOOOOOOOO,9.87,11
19,ACCGCAGGCTA,9/11,"rgb(87,181,95)",ATCGTAGGCTA,OXOOXOOOOOO,9.87,11
19,ATCGGAGGCTA,10/11,"rgb(23,147,77)",ATCGTAGGCTA,OOOOXOOOOOO,9.87,11
19,ATCGTAGGCTA,11/11,"rgb(0,104,55)",ATCGTAGGCTA,OOOOOOOOOOO,9.87,11
19,ATCGTAGTCTA,10/11,"rgb(23,147,77)",ATCGTAGGCTA,OOOOOOOXOOO,9.87,11
19,AACGTAGCCTA,9/11,"rgb(87,181,95)",ATCGTAGGCTA,OXOOOOOXOOO,9.87,11
19,AGCGTAGGCTA,10/11,"rgb(23,147,77)",ATCGTAGGCTA,OXOOOOOOOOO,9.87,11
19,AGCGTAGGCTA,10/11,"rgb(23,147,77)",ATCGTAGGCTA,OXOOOOOOOOO,9.87,11
19,ACCGTAGGCTA,10/11,"rgb(23,147,77)",ATCGTAGGCTA,OXOOOOOOOOO,9.87,11
19,ATCGTAGGCTA,11/11,"rgb(0,104,55)",ATCGTAGGCTA,OOOOOOOOOOO,9.87,11
19,AGCATAGGCTA,9/11,"rgb(87,181,95)",ATCGTAGGCTA,OXOXOOOOOOO,9.87,11
19,AACGTAGGCTA,10/11,"rgb(23,147,77)",ATCGTAGGCTA,OXOOOOOOOOO,9.87,11
19,AGCGTAGGCTA,10/11,"rgb(23,147,77)",ATCGTAGGCTA,OXOOOOOOOOO,9.87,11
19,AACGTAGGCTA,10/11,"rgb(23,147,77)",ATCGTAGGCTA,OXOOOOOOOOO,9.87,11
19,AACGTAGGCTA,10/11,"rgb(23,147,77)",ATCGTAGGCTA,OXOOOOOOOOO,9.87,11
19,AGCGTAGGCTA,10/11,"rgb(23,147,77)",ATCGTAGGCTA,OXOOOOOOOOO,9.87,11
19,ATCGTAGGCTA,11/11,"rgb(0,104,55)",ATCGTAGGCTA,OOOOOOOOOOO,9.87,11
19,AACGTATGCTG,8/11,"rgb(147,208,103)",ATCGTAGGCTA,OXOOOOXOOOX,9.87,11
19,ATCGTAGGCTA,11/11,"rgb(0,104,55)",ATCGTAGGCTA,OOOOOOOOOOO,9.87,11
19,AGCGTAGGCTA,10/11,"rgb(23,147,77)",ATCGTAGGCTA,OXOOOOOOOOO,9.87,11
19,AGCGTAGGCTA,10/11,"rgb(23,147,77)",ATCGTAGGCTA,OXOOOOOOOOO,9.87,11
